Species,Group,P50,Ks,paper,url,Ks_mol,relatedStudies,originalSpecies
Quercus douglasii,Angiosperm,-4.475,,Skelton et al. 2019 New Phyt,https://nph.onlinelibrary.wiley.com/doi/abs/10.1111/nph.15886,,,Quercus douglasii
Eucalyptus globulus,Angiosperm,-3.73,1.55,Barotto et al. 2018 Tree Phys,https://academic.oup.com/treephys/article/38/2/243/4644574,,,Eucalyptus globulus
Eucalyptus globulus,Angiosperm,-2.7,2.2,Barotto et al. 2018 Tree Phys,https://academic.oup.com/treephys/article/38/2/243/4644574,,,Eucalyptus globulus
Rhamnus alaternus,Angiosperm,-5.7,1.03,El Auo-ouad et al. 2017 Flora,https://www.sciencedirect.com/science/article/pii/S0367253017300063,,,Rhamnus alaternus
Rhamnus ludovici-salvatoris,Angiosperm,-3.9,0.43,El Auo-ouad et al. 2017 Flora,https://www.sciencedirect.com/science/article/pii/S0367253017300063,,,Rhamnus ludovici-salvatoris
Guatteria olivacea,Angiosperm,-2.57,,Oliveria et al. 2019 New Phyt,https://nph.onlinelibrary.wiley.com/doi/abs/10.1111/nph.15463,,,Guatteria olivacea
Guatteria megalophylla ,Angiosperm,-2.21,,Oliveria et al. 2019 New Phyt,https://nph.onlinelibrary.wiley.com/doi/abs/10.1111/nph.15464,,,Guatteria megalophylla 
Protium gallosum,Angiosperm,-2.54,,Oliveria et al. 2019 New Phyt,https://nph.onlinelibrary.wiley.com/doi/abs/10.1111/nph.15465,,,Protium gallosum
Protium nitidifolium,Angiosperm,-2.91,,Oliveria et al. 2019 New Phyt,https://nph.onlinelibrary.wiley.com/doi/abs/10.1111/nph.15466,,,Protium nitidifolium
Protium trifoliolatum,Angiosperm,-1.33,,Oliveria et al. 2019 New Phyt,https://nph.onlinelibrary.wiley.com/doi/abs/10.1111/nph.15467,,,Protium trifoliolatum
Protium hebetatum,Angiosperm,-3.1,,Oliveria et al. 2019 New Phyt,https://nph.onlinelibrary.wiley.com/doi/abs/10.1111/nph.15468,,,Protium hebetatum
Protium grandifolium,Angiosperm,-1.25,,Oliveria et al. 2019 New Phyt,https://nph.onlinelibrary.wiley.com/doi/abs/10.1111/nph.15469,,,Protium grandifolium
Tetragastris panamensis ,Angiosperm,-1.83,,Oliveria et al. 2019 New Phyt,https://nph.onlinelibrary.wiley.com/doi/abs/10.1111/nph.15470,,,Tetragastris panamensis 
Licania heteromorpha,Angiosperm,-3.33,,Oliveria et al. 2019 New Phyt,https://nph.onlinelibrary.wiley.com/doi/abs/10.1111/nph.15471,,,Licania heteromorfa
Licania longistyla,Angiosperm,-3.11,,Oliveria et al. 2019 New Phyt,https://nph.onlinelibrary.wiley.com/doi/abs/10.1111/nph.15472,,,Licania longistyla
Licania lata,Angiosperm,-1.71,,Oliveria et al. 2019 New Phyt,https://nph.onlinelibrary.wiley.com/doi/abs/10.1111/nph.15473,,,Licania lata
Eperua duckeana,Angiosperm,-0.88,,Oliveria et al. 2019 New Phyt,https://nph.onlinelibrary.wiley.com/doi/abs/10.1111/nph.15474,,,Eperua duckeana
Swartzia recurva,Angiosperm,-3.66,,Oliveria et al. 2019 New Phyt,https://nph.onlinelibrary.wiley.com/doi/abs/10.1111/nph.15475,,,Swartzia recurva
Swartzia tomentifera,Angiosperm,-3.6,,Oliveria et al. 2019 New Phyt,https://nph.onlinelibrary.wiley.com/doi/abs/10.1111/nph.15476,,,Swartzia tomentifera
Swartzia ulei,Angiosperm,-2.2,,Oliveria et al. 2019 New Phyt,https://nph.onlinelibrary.wiley.com/doi/abs/10.1111/nph.15477,,,Swartzia ulei
Zygia racemosa,Angiosperm,-4.1,,Oliveria et al. 2019 New Phyt,https://nph.onlinelibrary.wiley.com/doi/abs/10.1111/nph.15478,,,Zygia racemosa
Zygia ramiflora,Angiosperm,-1.76,,Oliveria et al. 2019 New Phyt,https://nph.onlinelibrary.wiley.com/doi/abs/10.1111/nph.15479,,,Zygia ramiflora
Eschweilera pseudodecolorans,Angiosperm,-3.25,,Oliveria et al. 2019 New Phyt,https://nph.onlinelibrary.wiley.com/doi/abs/10.1111/nph.15480,,,Eschweilera pseudodecolorans
Eschweilera truncata,Angiosperm,-2.45,,Oliveria et al. 2019 New Phyt,https://nph.onlinelibrary.wiley.com/doi/abs/10.1111/nph.15481,,,Eschweilera truncata
Eschweilera coriacea,Angiosperm,-1.72,,Oliveria et al. 2019 New Phyt,https://nph.onlinelibrary.wiley.com/doi/abs/10.1111/nph.15482,,,Eschweilera coriacea
Helianthostylis sprucei,Angiosperm,-4.04,,Oliveria et al. 2019 New Phyt,https://nph.onlinelibrary.wiley.com/doi/abs/10.1111/nph.15483,,,Helianthostylis sprucei
Virola venosa,Angiosperm,-0.84,,Oliveria et al. 2019 New Phyt,https://nph.onlinelibrary.wiley.com/doi/abs/10.1111/nph.15484,,,Virola venosa
Iryanthera juruensis,Angiosperm,-0.67,,Oliveria et al. 2019 New Phyt,https://nph.onlinelibrary.wiley.com/doi/abs/10.1111/nph.15485,,,Iryanthera juruensis
Iryanthera ulei,Angiosperm,-0.56,,Oliveria et al. 2019 New Phyt,https://nph.onlinelibrary.wiley.com/doi/abs/10.1111/nph.15486,,,Iryanthera ulei
Adiscanthus fusciflorus,Angiosperm,-1.08,,Oliveria et al. 2019 New Phyt,https://nph.onlinelibrary.wiley.com/doi/abs/10.1111/nph.15487,,,Adiscanthus fusciflorus
Micropholis williamii,Angiosperm,-1.78,,Oliveria et al. 2019 New Phyt,https://nph.onlinelibrary.wiley.com/doi/abs/10.1111/nph.15488,,,Micropholis williamii
Chrysophyllum sanguinolentum,Angiosperm,-2.47,,Oliveria et al. 2019 New Phyt,https://nph.onlinelibrary.wiley.com/doi/abs/10.1111/nph.15489,,,Chrysophyllum sanguinolentum
Rinorea racemosa,Angiosperm,-4.18,,Oliveria et al. 2019 New Phyt,https://nph.onlinelibrary.wiley.com/doi/abs/10.1111/nph.15490,,,Rinorea racemosa
Pinus canariensis,Gymnosperm,-3.6,0.3,Lopez et al. 2016 Frontiers in Plant Sci,https://www.frontiersin.org/articles/10.3389/fpls.2016.00769/full,,,Pinus canariensis
Pistacia weinmanniifolia,Angiosperm,-3.3,1.3,Zhang et al. 2017 Frontiers in Plant Sci,https://www.frontiersin.org/articles/10.3389/fpls.2016.02075/full,,,Pistacia weinmanniifolia
Terminthia paniculata,Angiosperm,-2.6,5.9,Zhang et al. 2017 Frontiers in Plant Sci,https://www.frontiersin.org/articles/10.3389/fpls.2016.02075/full,,,Terminthia paniculata
Lannea coromandelic,Angiosperm,-1.8,6.8,Zhang et al. 2017 Frontiers in Plant Sci,https://www.frontiersin.org/articles/10.3389/fpls.2016.02075/full,,,Lannea coromandelic
Quercus petraea,Angiosperm,-4.6,,Torrez-Ruis et al. 2019 Tree Phys,https://academic.oup.com/treephys/advance-article-abstract/doi/10.1093/treephys/tpz090/5566754?redirectedFrom=fulltext,,,Quercus petraea
Bocoa prouacensis,Angiosperm,-3.46,,Santiago et al. 2018 New Phyt,https://nph.onlinelibrary.wiley.com/doi/full/10.1111/nph.15058,,,Bocoa prouacensis
Dicorynia guianensis,Angiosperm,-1.99,,Santiago et al. 2018 New Phyt,https://nph.onlinelibrary.wiley.com/doi/full/10.1111/nph.15059,,,Dicorynia guianensis
Eperua falcata,Angiosperm,-1.03,,Santiago et al. 2018 New Phyt,https://nph.onlinelibrary.wiley.com/doi/full/10.1111/nph.15060,,,Eperua falcata
Eperua grandiflora,Angiosperm,-2.47,,Santiago et al. 2018 New Phyt,https://nph.onlinelibrary.wiley.com/doi/full/10.1111/nph.15061,,,Eperua grandiflora
Eschweilera sagotiana,Angiosperm,-1.94,,Santiago et al. 2018 New Phyt,https://nph.onlinelibrary.wiley.com/doi/full/10.1111/nph.15062,,,Eschweilera sagotiana
Jacaranda copaia,Angiosperm,-1.34,,Santiago et al. 2018 New Phyt,https://nph.onlinelibrary.wiley.com/doi/full/10.1111/nph.15063,,,Jacaranda copaia
Lecythis persistens,Angiosperm,-2.4,,Santiago et al. 2018 New Phyt,https://nph.onlinelibrary.wiley.com/doi/full/10.1111/nph.15064,,,Lecythis persistens
Licania alba,Angiosperm,-1.87,,Santiago et al. 2018 New Phyt,https://nph.onlinelibrary.wiley.com/doi/full/10.1111/nph.15065,,,Licania alba
Licania heteromorpha,Angiosperm,-1.28,,Santiago et al. 2018 New Phyt,https://nph.onlinelibrary.wiley.com/doi/full/10.1111/nph.15066,,,Licania heteromorpha
Pradosia cochlearia,Angiosperm,-3.12,,Santiago et al. 2018 New Phyt,https://nph.onlinelibrary.wiley.com/doi/full/10.1111/nph.15067,,,Pradosia cochlearia
Sextonia rubra,Angiosperm,-1.17,,Santiago et al. 2018 New Phyt,https://nph.onlinelibrary.wiley.com/doi/full/10.1111/nph.15068,,,Sextonia rubra
Symphonia globulifera,Angiosperm,-1.78,,Santiago et al. 2018 New Phyt,https://nph.onlinelibrary.wiley.com/doi/full/10.1111/nph.15069,,,Symphonia globulifera
Tachigali melinonii,Angiosperm,-1.86,,Santiago et al. 2018 New Phyt,https://nph.onlinelibrary.wiley.com/doi/full/10.1111/nph.15070,,,Tachigali melinonii
Vouacapoua americana,Angiosperm,-1.75,,Santiago et al. 2018 New Phyt,https://nph.onlinelibrary.wiley.com/doi/full/10.1111/nph.15071,,,Vouacapoua americana
Alseis blackiana,Angiosperm,-3.5296937,,van der Sande et al. Ecol,https://esajournals.onlinelibrary.wiley.com/doi/full/10.1002/ecy.2666,404.26,,Alseis blackiana
Annona spraguei,Angiosperm,-2.4426427,,van der Sande et al. Ecol,https://esajournals.onlinelibrary.wiley.com/doi/full/10.1002/ecy.2667,734.08,,Annona spraguei
Arrabidaea verrucosa,Angiosperm,-0.8060045,,van der Sande et al. Ecol,https://esajournals.onlinelibrary.wiley.com/doi/full/10.1002/ecy.2668,2032.8,,Arrabidaea verrucosa
Bauhinia reflexa,Angiosperm,-2.102105,,van der Sande et al. Ecol,https://esajournals.onlinelibrary.wiley.com/doi/full/10.1002/ecy.2669,1180.356,,Bauhinia reflexa
Brosimum utile,Angiosperm,-2.2476243,,van der Sande et al. Ecol,https://esajournals.onlinelibrary.wiley.com/doi/full/10.1002/ecy.2670,911.352,,Brosimum utile
Callichlamys latifolia,Angiosperm,-1.012439,,van der Sande et al. Ecol,https://esajournals.onlinelibrary.wiley.com/doi/full/10.1002/ecy.2671,508.18984,,Callichlamys latifolia
Cecropia obtusifolia,Angiosperm,-0.7556186,,van der Sande et al. Ecol,https://esajournals.onlinelibrary.wiley.com/doi/full/10.1002/ecy.2672,970.104,,Cecropia obtusifolia
Clitoria javitensis,Angiosperm,-1.6790476,,van der Sande et al. Ecol,https://esajournals.onlinelibrary.wiley.com/doi/full/10.1002/ecy.2673,758.6531,,Clitoria javitensis
Coccoloba parimensis,Angiosperm,-1.5096641,,van der Sande et al. Ecol,https://esajournals.onlinelibrary.wiley.com/doi/full/10.1002/ecy.2674,1105.412,,Coccoloba parimensis
Combretum decandrum,Angiosperm,-0.6121123,,van der Sande et al. Ecol,https://esajournals.onlinelibrary.wiley.com/doi/full/10.1002/ecy.2675,2392.4458,,Combretum decandrum
Croton billbergianus,Angiosperm,-0.6095901,,van der Sande et al. Ecol,https://esajournals.onlinelibrary.wiley.com/doi/full/10.1002/ecy.2676,800.85376,,Croton billbergianus
Davilla nitida,Angiosperm,-1.4842136,,van der Sande et al. Ecol,https://esajournals.onlinelibrary.wiley.com/doi/full/10.1002/ecy.2677,1311.228,,Davilla nitida
Doliocarpus dentatus,Angiosperm,-2.5224781,,van der Sande et al. Ecol,https://esajournals.onlinelibrary.wiley.com/doi/full/10.1002/ecy.2678,1210.00474,,Doliocarpus dentatus
Doliocarpus multiflorus,Angiosperm,-2.5104522,,van der Sande et al. Ecol,https://esajournals.onlinelibrary.wiley.com/doi/full/10.1002/ecy.2679,965,,Doliocarpus multiflorus
Erythrina costaricensis,Angiosperm,-1.273038,,van der Sande et al. Ecol,https://esajournals.onlinelibrary.wiley.com/doi/full/10.1002/ecy.2680,663.44588,,Erythrina costaricensis
Eugenia nesiotica,Angiosperm,-1.6889497,,van der Sande et al. Ecol,https://esajournals.onlinelibrary.wiley.com/doi/full/10.1002/ecy.2681,580.39816,,Eugenia nesiotica
Faramea occidentalis,Angiosperm,-4.2924556,,van der Sande et al. Ecol,https://esajournals.onlinelibrary.wiley.com/doi/full/10.1002/ecy.2682,127.166,,Faramea occidentalis
Gustavia superba,Angiosperm,-0.7546891,,van der Sande et al. Ecol,https://esajournals.onlinelibrary.wiley.com/doi/full/10.1002/ecy.2683,109.3745,,Gustavia superba
Hiraea smilacina,Angiosperm,-2.5977086,,van der Sande et al. Ecol,https://esajournals.onlinelibrary.wiley.com/doi/full/10.1002/ecy.2684,794.808,,Hiraea smilacina
Inga vera,Angiosperm,-4.526969,,van der Sande et al. Ecol,https://esajournals.onlinelibrary.wiley.com/doi/full/10.1002/ecy.2685,184.98364,,Inga vera
Luehea seemannii,Angiosperm,-1.2839966,,van der Sande et al. Ecol,https://esajournals.onlinelibrary.wiley.com/doi/full/10.1002/ecy.2686,804.222,,Luehea seemannii
Machaerium floribundum,Angiosperm,-0.7234846,,van der Sande et al. Ecol,https://esajournals.onlinelibrary.wiley.com/doi/full/10.1002/ecy.2687,1327,,Machaerium floribundum
Machaerium seemannii,Angiosperm,-0.9070623,,van der Sande et al. Ecol,https://esajournals.onlinelibrary.wiley.com/doi/full/10.1002/ecy.2688,179.15564,,Machaerium seemannii
Maripa panamensis,Angiosperm,-0.5416576,,van der Sande et al. Ecol,https://esajournals.onlinelibrary.wiley.com/doi/full/10.1002/ecy.2689,3357.10322,,Maripa panamensis
Mendoncia litoralis,Angiosperm,-0.6252212,,van der Sande et al. Ecol,https://esajournals.onlinelibrary.wiley.com/doi/full/10.1002/ecy.2690,3245,,Mendoncia litoralis
Miconia argentea,Angiosperm,-0.9171262,,van der Sande et al. Ecol,https://esajournals.onlinelibrary.wiley.com/doi/full/10.1002/ecy.2691,218.80484,,Miconia argentea
Mikania leiostachya,Angiosperm,-1.2566151,,van der Sande et al. Ecol,https://esajournals.onlinelibrary.wiley.com/doi/full/10.1002/ecy.2692,194.92932,,Mikania leiostachya
Myriocarpa longipes,Angiosperm,-0.9055292,,van der Sande et al. Ecol,https://esajournals.onlinelibrary.wiley.com/doi/full/10.1002/ecy.2693,1199.52,,Myriocarpa longipes
Paullinia fibrigera,Angiosperm,-1.2208353,,van der Sande et al. Ecol,https://esajournals.onlinelibrary.wiley.com/doi/full/10.1002/ecy.2694,728.28,,Paullinia fibrigera
Paullinia glomerulosa,Angiosperm,-0.5088948,,van der Sande et al. Ecol,https://esajournals.onlinelibrary.wiley.com/doi/full/10.1002/ecy.2695,77.06906,,Paullinia glomerulosa
Paullinia rugosa,Angiosperm,-0.7809029,,van der Sande et al. Ecol,https://esajournals.onlinelibrary.wiley.com/doi/full/10.1002/ecy.2696,234.79924,,Paullinia rugosa
Phryganocydia corymbosa,Angiosperm,-1.1025164,,van der Sande et al. Ecol,https://esajournals.onlinelibrary.wiley.com/doi/full/10.1002/ecy.2697,990.08,,Phryganocydia corymbosa
Piper reticulatum,Angiosperm,-0.8577531,,van der Sande et al. Ecol,https://esajournals.onlinelibrary.wiley.com/doi/full/10.1002/ecy.2698,518.43838,,Piper reticulatum
Pourouma bicolor,Angiosperm,-1.4763766,,van der Sande et al. Ecol,https://esajournals.onlinelibrary.wiley.com/doi/full/10.1002/ecy.2699,683.1,,Pourouma bicolor
Protium panamense,Angiosperm,-1.9198724,,van der Sande et al. Ecol,https://esajournals.onlinelibrary.wiley.com/doi/full/10.1002/ecy.2700,872.496,,Protium panamense
Senna dariensis,Angiosperm,-2.0957746,,van der Sande et al. Ecol,https://esajournals.onlinelibrary.wiley.com/doi/full/10.1002/ecy.2701,137.3471,,Senna dariensis
Senna undulata,Angiosperm,-1.0842082,,van der Sande et al. Ecol,https://esajournals.onlinelibrary.wiley.com/doi/full/10.1002/ecy.2702,322.16196,,Senna undulata
Simarouba amara,Angiosperm,-1.1334882,,van der Sande et al. Ecol,https://esajournals.onlinelibrary.wiley.com/doi/full/10.1002/ecy.2703,644.182,,Simarouba amara
Stizophyllum riparium,Angiosperm,-0.7844022,,van der Sande et al. Ecol,https://esajournals.onlinelibrary.wiley.com/doi/full/10.1002/ecy.2704,1690.368,,Stizophyllum riparium
Tachigali versicolor,Angiosperm,-3.8358344,,van der Sande et al. Ecol,https://esajournals.onlinelibrary.wiley.com/doi/full/10.1002/ecy.2705,179.872,,Tachigali versicolor
Tapirira guianensis,Angiosperm,-2.4006092,,van der Sande et al. Ecol,https://esajournals.onlinelibrary.wiley.com/doi/full/10.1002/ecy.2706,338.79,,Tapirira guianensis
Terminalia amazonia,Angiosperm,-3.0538713,,van der Sande et al. Ecol,https://esajournals.onlinelibrary.wiley.com/doi/full/10.1002/ecy.2707,95.59173,,Terminalia amazonia
Tetracera portobellensis,Angiosperm,-1.3458633,,van der Sande et al. Ecol,https://esajournals.onlinelibrary.wiley.com/doi/full/10.1002/ecy.2708,1469.00092,,Tetracera portobellensis
Tontelea ovalifolia,Angiosperm,-1.3742113,,van der Sande et al. Ecol,https://esajournals.onlinelibrary.wiley.com/doi/full/10.1002/ecy.2709,1691.616,,Tontelea ovalifolia
Tovomita longifolia,Angiosperm,-3.8258901,,van der Sande et al. Ecol,https://esajournals.onlinelibrary.wiley.com/doi/full/10.1002/ecy.2710,333.108,,Tovomita longifolia
Virola sebifera,Angiosperm,-1.2406379,,van der Sande et al. Ecol,https://esajournals.onlinelibrary.wiley.com/doi/full/10.1002/ecy.2711,522.424,,Virola sebifera
Vismia billbergiana,Angiosperm,-2.18222,,van der Sande et al. Ecol,https://esajournals.onlinelibrary.wiley.com/doi/full/10.1002/ecy.2712,238.15075,,Vismia billbergiana
Vitis tiliifolia,Angiosperm,-1.0740102,,van der Sande et al. Ecol,https://esajournals.onlinelibrary.wiley.com/doi/full/10.1002/ecy.2713,1248.832,,Vitis tiliifolia
Xylopia macrantha,Angiosperm,-2.5917397,,van der Sande et al. Ecol,https://esajournals.onlinelibrary.wiley.com/doi/full/10.1002/ecy.2714,131.8958,,Xylopia macrantha
Zanthoxylum panamense,Angiosperm,-2.0470684,,van der Sande et al. Ecol,https://esajournals.onlinelibrary.wiley.com/doi/full/10.1002/ecy.2715,686.90662,,Zanthoxylum panamense
Zuelania guidonia,Angiosperm,-3.2054299,,van der Sande et al. Ecol,https://esajournals.onlinelibrary.wiley.com/doi/full/10.1002/ecy.2716,526.524,,Zuelania guidonia
Caryocar glabrum,Angiosperm,-1.78,22.6,Barros et al. 2019 New Phyt,https://nph.onlinelibrary.wiley.com/doi/abs/10.1111/nph.15909,,https://lib.ugent.be/fulltxt/RUG01/002/785/229/RUG01-002785229_2019_0001_AC.pdf,Caryocar glabrum
Dipteryx odorata,Angiosperm,-4.47,6.5,Barros et al. 2019 New Phyt,https://nph.onlinelibrary.wiley.com/doi/abs/10.1111/nph.15910,,https://lib.ugent.be/fulltxt/RUG01/002/785/229/RUG01-002785229_2019_0001_AC.pdf,Dypterix odorata
Eschweilera coriaceae,Angiosperm,-1.57,10.6,Barros et al. 2019 New Phyt,https://nph.onlinelibrary.wiley.com/doi/abs/10.1111/nph.15911,,https://lib.ugent.be/fulltxt/RUG01/002/785/229/RUG01-002785229_2019_0001_AC.pdf,Eschweilera coriaceae
Eschweilera cyathiformis,Angiosperm,-3.05,,Barros et al. 2019 New Phyt,https://nph.onlinelibrary.wiley.com/doi/abs/10.1111/nph.15912,,https://lib.ugent.be/fulltxt/RUG01/002/785/229/RUG01-002785229_2019_0001_AC.pdf,Eschweilera cyathiformis
Eschweilera sp.,Angiosperm,-2.47,3.1,Barros et al. 2019 New Phyt,https://nph.onlinelibrary.wiley.com/doi/abs/10.1111/nph.15913,,https://lib.ugent.be/fulltxt/RUG01/002/785/229/RUG01-002785229_2019_0001_AC.pdf,Eschweilera sp.
Eschweilera wachenheimii,Angiosperm,-2.19,7.7,Barros et al. 2019 New Phyt,https://nph.onlinelibrary.wiley.com/doi/abs/10.1111/nph.15914,,https://lib.ugent.be/fulltxt/RUG01/002/785/229/RUG01-002785229_2019_0001_AC.pdf,Eschweilera wachenheimii
Goupia glabra,Angiosperm,-2.2,16.7,Barros et al. 2019 New Phyt,https://nph.onlinelibrary.wiley.com/doi/abs/10.1111/nph.15915,,https://lib.ugent.be/fulltxt/RUG01/002/785/229/RUG01-002785229_2019_0001_AC.pdf,Goupia glabra
Gustavia elliptica,Angiosperm,-2.75,5.1,Barros et al. 2019 New Phyt,https://nph.onlinelibrary.wiley.com/doi/abs/10.1111/nph.15916,,https://lib.ugent.be/fulltxt/RUG01/002/785/229/RUG01-002785229_2019_0001_AC.pdf,Gustavia elliptica
Lecyths prancei,Angiosperm,-1.8,9.5,Barros et al. 2019 New Phyt,https://nph.onlinelibrary.wiley.com/doi/abs/10.1111/nph.15917,,https://lib.ugent.be/fulltxt/RUG01/002/785/229/RUG01-002785229_2019_0001_AC.pdf,Lecyths prancei
Maquira sclerophylla,Angiosperm,-2.21,15.8,Barros et al. 2019 New Phyt,https://nph.onlinelibrary.wiley.com/doi/abs/10.1111/nph.15918,,https://lib.ugent.be/fulltxt/RUG01/002/785/229/RUG01-002785229_2019_0001_AC.pdf,Maquira sclerophylla
Minquartia guianensis,Angiosperm,-2.16,2,Barros et al. 2019 New Phyt,https://nph.onlinelibrary.wiley.com/doi/abs/10.1111/nph.15919,,https://lib.ugent.be/fulltxt/RUG01/002/785/229/RUG01-002785229_2019_0001_AC.pdf,Minquartia guianensis
Ocotea sp.,Angiosperm,-1.84,12.8,Barros et al. 2019 New Phyt,https://nph.onlinelibrary.wiley.com/doi/abs/10.1111/nph.15920,,https://lib.ugent.be/fulltxt/RUG01/002/785/229/RUG01-002785229_2019_0001_AC.pdf,Ocotea sp.
Pouteria anomala,Angiosperm,-1.01,6.9,Barros et al. 2019 New Phyt,https://nph.onlinelibrary.wiley.com/doi/abs/10.1111/nph.15921,,https://lib.ugent.be/fulltxt/RUG01/002/785/229/RUG01-002785229_2019_0001_AC.pdf,Pouteria anomala
Pouteria erythrochrysa,Angiosperm,-3.92,,Barros et al. 2019 New Phyt,https://nph.onlinelibrary.wiley.com/doi/abs/10.1111/nph.15922,,https://lib.ugent.be/fulltxt/RUG01/002/785/229/RUG01-002785229_2019_0001_AC.pdf,Pouteria erythrochrysa
Protium hebetatum,Angiosperm,-1.49,5.8,Barros et al. 2019 New Phyt,https://nph.onlinelibrary.wiley.com/doi/abs/10.1111/nph.15923,,https://lib.ugent.be/fulltxt/RUG01/002/785/229/RUG01-002785229_2019_0001_AC.pdf,Protium hebetatum
Scleronema micranthum,Angiosperm,-1.77,23.9,Barros et al. 2019 New Phyt,https://nph.onlinelibrary.wiley.com/doi/abs/10.1111/nph.15924,,https://lib.ugent.be/fulltxt/RUG01/002/785/229/RUG01-002785229_2019_0001_AC.pdf,Scleronema micranthum
Zygia racemosa,Angiosperm,-3.02,3.5,Barros et al. 2019 New Phyt,https://nph.onlinelibrary.wiley.com/doi/abs/10.1111/nph.15925,,https://lib.ugent.be/fulltxt/RUG01/002/785/229/RUG01-002785229_2019_0001_AC.pdf,Zygia racemosa
Amphirrhox longifolia,Angiosperm,-2.28,1.5,Barros et al. 2019 New Phyt,https://nph.onlinelibrary.wiley.com/doi/abs/10.1111/nph.15926,,https://lib.ugent.be/fulltxt/RUG01/002/785/229/RUG01-002785229_2019_0001_AC.pdf,Amphyrrhox longifolia
Chamaecrista xinguensis,Angiosperm,-3.14,9.7,Barros et al. 2019 New Phyt,https://nph.onlinelibrary.wiley.com/doi/abs/10.1111/nph.15927,,https://lib.ugent.be/fulltxt/RUG01/002/785/229/RUG01-002785229_2019_0001_AC.pdf,Chamaecrista xinguensis
Coussarea albescens,Angiosperm,-4.86,1.6,Barros et al. 2019 New Phyt,https://nph.onlinelibrary.wiley.com/doi/abs/10.1111/nph.15928,,https://lib.ugent.be/fulltxt/RUG01/002/785/229/RUG01-002785229_2019_0001_AC.pdf,Coussarea albescens
Endopleura uchi,Angiosperm,-1.52,7.9,Barros et al. 2019 New Phyt,https://nph.onlinelibrary.wiley.com/doi/abs/10.1111/nph.15929,,https://lib.ugent.be/fulltxt/RUG01/002/785/229/RUG01-002785229_2019_0001_AC.pdf,Endopleura uchi
Erisma uncinatum,Angiosperm,-2.13,5.6,Barros et al. 2019 New Phyt,https://nph.onlinelibrary.wiley.com/doi/abs/10.1111/nph.15930,,https://lib.ugent.be/fulltxt/RUG01/002/785/229/RUG01-002785229_2019_0001_AC.pdf,Erisma unsinatum
Manilkara huberi,Angiosperm,-1.75,,Barros et al. 2019 New Phyt,https://nph.onlinelibrary.wiley.com/doi/abs/10.1111/nph.15931,,https://lib.ugent.be/fulltxt/RUG01/002/785/229/RUG01-002785229_2019_0001_AC.pdf,Manilkara huberi
Mezilaurus itauba,Angiosperm,-2.98,12.3,Barros et al. 2019 New Phyt,https://nph.onlinelibrary.wiley.com/doi/abs/10.1111/nph.15932,,https://lib.ugent.be/fulltxt/RUG01/002/785/229/RUG01-002785229_2019_0001_AC.pdf,Mezilaurus itauba
Miconia lepidota,Angiosperm,-5.02,4,Barros et al. 2019 New Phyt,https://nph.onlinelibrary.wiley.com/doi/abs/10.1111/nph.15933,,https://lib.ugent.be/fulltxt/RUG01/002/785/229/RUG01-002785229_2019_0001_AC.pdf,Miconia lepidota
Minquartia guianensis,Angiosperm,-6.03,,Barros et al. 2019 New Phyt,https://nph.onlinelibrary.wiley.com/doi/abs/10.1111/nph.15934,,https://lib.ugent.be/fulltxt/RUG01/002/785/229/RUG01-002785229_2019_0001_AC.pdf,Minquartia guianensis
Protium apiculatum,Angiosperm,-1.94,7.5,Barros et al. 2019 New Phyt,https://nph.onlinelibrary.wiley.com/doi/abs/10.1111/nph.15935,,https://lib.ugent.be/fulltxt/RUG01/002/785/229/RUG01-002785229_2019_0001_AC.pdf,Protium apiculatum
Rinourea passourea,Angiosperm,-2.99,0.6,Barros et al. 2019 New Phyt,https://nph.onlinelibrary.wiley.com/doi/abs/10.1111/nph.15936,,https://lib.ugent.be/fulltxt/RUG01/002/785/229/RUG01-002785229_2019_0001_AC.pdf,Rinourea passourea
Tachigali chrysophylla,Angiosperm,-3.79,,Barros et al. 2019 New Phyt,https://nph.onlinelibrary.wiley.com/doi/abs/10.1111/nph.15937,,https://lib.ugent.be/fulltxt/RUG01/002/785/229/RUG01-002785229_2019_0001_AC.pdf,Tachigali chrysophylla
Abies sibirica,Gymnosperm,-3.67,,Dulamsuren et al 2019 Tree Phys,https://academic.oup.com/treephys/article-abstract/39/3/463/5153307?redirectedFrom=fulltext,,,Abies sibirica 
Picea obovata,Gymnosperm,-4.13,,Dulamsuren et al 2019 Tree Phys,https://academic.oup.com/treephys/article-abstract/39/3/463/5153307?redirectedFrom=fulltext,,,Picea obovata 
Pinus sibirica,Gymnosperm,-2.97,,Dulamsuren et al 2019 Tree Phys,https://academic.oup.com/treephys/article-abstract/39/3/463/5153307?redirectedFrom=fulltext,,,Pinus sibirica 
Larix sibirica,Gymnosperm,-3.59,,Dulamsuren et al 2019 Tree Phys,https://academic.oup.com/treephys/article-abstract/39/3/463/5153307?redirectedFrom=fulltext,,,Larix sibirica 
Larix sibirica,Gymnosperm,-3.61,,Dulamsuren et al 2019 Tree Phys,https://academic.oup.com/treephys/article-abstract/39/3/463/5153307?redirectedFrom=fulltext,,,Larix sibirica 
Larix sibirica,Gymnosperm,-3.69,,Dulamsuren et al 2019 Tree Phys,https://academic.oup.com/treephys/article-abstract/39/3/463/5153307?redirectedFrom=fulltext,,,Larix sibirica 
Pinus sylvestris,Gymnosperm,-3.33,,Dulamsuren et al 2019 Tree Phys,https://academic.oup.com/treephys/article-abstract/39/3/463/5153307?redirectedFrom=fulltext,,,Pinus sylvestris 
Betula pendula,Angiosperm,-1.59,,Dulamsuren et al 2019 Tree Phys,https://academic.oup.com/treephys/article-abstract/39/3/463/5153307?redirectedFrom=fulltext,,,Betula pendula 
Betula pendula,Angiosperm,-1.66,,Dulamsuren et al 2019 Tree Phys,https://academic.oup.com/treephys/article-abstract/39/3/463/5153307?redirectedFrom=fulltext,,,Betula pendula 
Betula pendula,Angiosperm,-1.62,,Dulamsuren et al 2019 Tree Phys,https://academic.oup.com/treephys/article-abstract/39/3/463/5153307?redirectedFrom=fulltext,,,Betula pendula 
Betula pendula,Angiosperm,-1.89,,Dulamsuren et al 2019 Tree Phys,https://academic.oup.com/treephys/article-abstract/39/3/463/5153307?redirectedFrom=fulltext,,,Betula pendula 
Robinia pseudoacacia,Angiosperm,-4.2,,Peng et al. 2019 JExBot,https://academic.oup.com/jxb/article/70/18/4865/5485864,,,Robinia pseudoacacia 
Eucalyptus cladocalyx,Angiosperm,-5.27,,Bourne et al. 2017 AnnBot,https://academic.oup.com/aob/article/120/1/123/3091124,,,Eucalyptus cladocalyx 
Eucalyptus crebra,Angiosperm,-4.9,,Bourne et al. 2017 AnnBot,https://academic.oup.com/aob/article/120/1/123/3091125,,,Eucalyptus crebra 
Eucalyptus tereticornis,Angiosperm,-3.89,,Bourne et al. 2017 AnnBot,https://academic.oup.com/aob/article/120/1/123/3091126,,,Eucalyptus tereticornis 
Eucalyptus saligna,Angiosperm,-3.4,,Bourne et al. 2017 AnnBot,https://academic.oup.com/aob/article/120/1/123/3091127,,,Eucalyptus saligna 
Eucalyptus dunnii,Angiosperm,-4.93,,Bourne et al. 2017 AnnBot,https://academic.oup.com/aob/article/120/1/123/3091128,,,Eucalyptus dunnii 
Eucalyptus grandis,Angiosperm,-3.83,,Bourne et al. 2017 AnnBot,https://academic.oup.com/aob/article/120/1/123/3091129,,,Eucalyptus grandis 
Pinus pinea,Gymnosperm,-3.23,,Battipaglia et al. 2016 Tree Phys,https://academic.oup.com/treephys/article/36/8/1019/2514649,,,Pinus pinea
Eucalyptus piperita,Angiosperm,-3.25,,Li et al. 2018 Tree Phys,https://academic.oup.com/treephys/article/38/8/1193/4995032,,,Eucalyptus piperita
Quercus ilex,Angiosperm,-7.13,,Lobo et al. 2018 FEM,https://www.sciencedirect.com/science/article/pii/S0378112717320327,,,Quercus ilex
Quercus palustris,Angiosperm,-5.74,,Lobo et al. 2018 FEM,https://www.sciencedirect.com/science/article/pii/S0378112717320327,,,Quercus palustris
Quercus petraea,Angiosperm,-4.61,,Lobo et al. 2018 FEM,https://www.sciencedirect.com/science/article/pii/S0378112717320327,,,Quercus petraea
Quercus robur,Angiosperm,-4.74,,Lobo et al. 2018 FEM,https://www.sciencedirect.com/science/article/pii/S0378112717320327,,,Quercus robur
Quercus rubra,Angiosperm,-4.43,,Lobo et al. 2018 FEM,https://www.sciencedirect.com/science/article/pii/S0378112717320327,,,Quercus rubra
Quercus suber,Angiosperm,-5.52,,Lobo et al. 2018 FEM,https://www.sciencedirect.com/science/article/pii/S0378112717320327,,,Quercus suber
Fraxinus chinensis,Angiosperm,-4.3,,Chen et al. 2019 Tree Phys,https://academic.oup.com/treephys/article/39/8/1428/5445900,,,Fraxinus chinensis
Ailanthus altissima,Angiosperm,-3.5,,Chen et al. 2019 Tree Phys,https://academic.oup.com/treephys/article/39/8/1428/5445901,,,Ailanthus altissima
Robinia pseudoacacia,Angiosperm,-2.1,,Chen et al. 2019 Tree Phys,https://academic.oup.com/treephys/article/39/8/1428/5445902,,,Robinia pseudoacacia 
Clerodendrum trichotomum,Angiosperm,-2.25,,Chen et al. 2019 Tree Phys,https://academic.oup.com/treephys/article/39/8/1428/5445903,,,Clerodendrum trichotomum
Juglans regia,Angiosperm,-2.3,,Chen et al. 2019 Tree Phys,https://academic.oup.com/treephys/article/39/8/1428/5445904,,,Juglans regia
Zanthoxylum bungeanum,Angiosperm,-3.6,,Chen et al. 2019 Tree Phys,https://academic.oup.com/treephys/article/39/8/1428/5445905,,,Zanthoxylu bungeanum
Pistacia chinensis,Angiosperm,-4.1,,Chen et al. 2019 Tree Phys,https://academic.oup.com/treephys/article/39/8/1428/5445906,,,Pistacia chinensis
Cotinus coggygria,Angiosperm,-3.75,,Chen et al. 2019 Tree Phys,https://academic.oup.com/treephys/article/39/8/1428/5445907,,,Cotinus coggygria
Rhus typhina,Angiosperm,-2.4,,Chen et al. 2019 Tree Phys,https://academic.oup.com/treephys/article/39/8/1428/5445908,,,Rhus typhina
Diospyros lotus,Angiosperm,-4.1,,Chen et al. 2019 Tree Phys,https://academic.oup.com/treephys/article/39/8/1428/5445909,,,Diospyros lotus
Melia azedarach,Angiosperm,-3.25,,Chen et al. 2019 Tree Phys,https://academic.oup.com/treephys/article/39/8/1428/5445910,,,Melia azedarach
Koelreuteria paniculata,Angiosperm,-2.6,,Chen et al. 2019 Tree Phys,https://academic.oup.com/treephys/article/39/8/1428/5445911,,,Koelreuteria paniculata
Morus alba,Angiosperm,-1.6,,Chen et al. 2019 Tree Phys,https://academic.oup.com/treephys/article/39/8/1428/5445912,,,Moras alba
Amygdalus davidiana,Angiosperm,-3.25,,Chen et al. 2019 Tree Phys,https://academic.oup.com/treephys/article/39/8/1428/5445913,,,Amygdalus davidiana
Diospyros kaki,Angiosperm,-5.4,,Chen et al. 2019 Tree Phys,https://academic.oup.com/treephys/article/39/8/1428/5445914,,,Diospyros kaki
Armeniaca sibirica,Angiosperm,-5.05,,Chen et al. 2019 Tree Phys,https://academic.oup.com/treephys/article/39/8/1428/5445915,,,Armeniaca sibirica
Xanthoceras sorbifolium,Angiosperm,-1,,Chen et al. 2019 Tree Phys,https://academic.oup.com/treephys/article/39/8/1428/5445916,,,Xanthoceras sorbifolium
Acer mono,Angiosperm,-3,,Chen et al. 2019 Tree Phys,https://academic.oup.com/treephys/article/39/8/1428/5445917,,,Acer mono
Toona sinensis,Angiosperm,-2.35,,Chen et al. 2019 Tree Phys,https://academic.oup.com/treephys/article/39/8/1428/5445918,,,Toona sinensis
Gleditsia sinensis,Angiosperm,-4.3,,Chen et al. 2019 Tree Phys,https://academic.oup.com/treephys/article/39/8/1428/5445919,,,Gleditsia sinensis
Amborella trichopoda,Angiosperm,-2.68,0.437,Trueba et al. 2019 JXBot,https://academic.oup.com/jxb/article/70/12/3227/5421717,,,Amborella trichopoda
Ascarina rubricaulis,Angiosperm,-2.28,0.89,Trueba et al. 2019 JXBot,https://academic.oup.com/jxb/article/70/12/3227/5421718,,,Ascarina rubricaulis
Hedycarya cupulata,Angiosperm,-3.09,0.104,Trueba et al. 2019 JXBot,https://academic.oup.com/jxb/article/70/12/3227/5421719,,,Hedycarya cupulata
Hedycarya parvifolia,Angiosperm,-3.23,0.233,Trueba et al. 2019 JXBot,https://academic.oup.com/jxb/article/70/12/3227/5421720,,,Hedycarya parvifolia
Kibaropsis caledonica,Angiosperm,-2.49,0.257,Trueba et al. 2019 JXBot,https://academic.oup.com/jxb/article/70/12/3227/5421721,,,Kibaropsis caledonica
Nemuaron vieillardii,Angiosperm,-2.3,0.791,Trueba et al. 2019 JXBot,https://academic.oup.com/jxb/article/70/12/3227/5421722,,,Nemuaron viellardii
Paracryphia alticola,Angiosperm,-2.02,0.161,Trueba et al. 2019 JXBot,https://academic.oup.com/jxb/article/70/12/3227/5421723,,,Paracryphia alticola
Quintinia major,Angiosperm,-2.47,0.135,Trueba et al. 2019 JXBot,https://academic.oup.com/jxb/article/70/12/3227/5421724,,,Quintinia major
Zygogynum acsmithii,Angiosperm,-2.73,0.566,Trueba et al. 2019 JXBot,https://academic.oup.com/jxb/article/70/12/3227/5421725,,,Zygogynum acsmithii
Zygogynum crassifolium,Angiosperm,-4.11,0.615,Trueba et al. 2019 JXBot,https://academic.oup.com/jxb/article/70/12/3227/5421726,,,Zygogynum crassifolium
Zygogynum stipitatum,Angiosperm,-2.44,0.325,Trueba et al. 2019 JXBot,https://academic.oup.com/jxb/article/70/12/3227/5421727,,,Zygogynum stipitatum
Zygogynum thieghemii,Angiosperm,-2.29,0.658,Trueba et al. 2019 JXBot,https://academic.oup.com/jxb/article/70/12/3227/5421728,,,Zygogynum thieghemii
Cryptocarya aristata,Angiosperm,-2,,Trueba et al. 2016 Plant Cell Env,https://onlinelibrary.wiley.com/doi/full/10.1111/pce.12859?casa_token=gabwwBY4jI8AAAAA%3AAl9jeecj7pVnwXOjbAIvYIcXxz2S29I0sOa6AxAC7P2xXBADoqbRte0KsffsAPSHOHf8306dV8L5Png,,,Cryptocarya aristata
Acer mono,Angiosperm,-4.75,,Wang et al. 2018 Fresenius Environmental Bulletin,https://www.researchgate.net/profile/Michal_Napierala2/publication/328693873_Functioning_of_low_lift_pumping_stations_on_polders_-_A_case_study_of_Zagorow_Poland/links/5bf297a1299bf1124fdd5805/Functioning-of-low-lift-pumping-stations-on-polders-A-case-study-of-Zagorow-Poland.pdf#page=354,,,Acer mono
Ginkgo biloba,Gymnosperm,-4.1,,Wang et al. 2018 Fresenius Environmental Bulletin,https://www.researchgate.net/profile/Michal_Napierala2/publication/328693873_Functioning_of_low_lift_pumping_stations_on_polders_-_A_case_study_of_Zagorow_Poland/links/5bf297a1299bf1124fdd5805/Functioning-of-low-lift-pumping-stations-on-polders-A-case-study-of-Zagorow-Poland.pdf#page=355,,,Ginkgo biloba
Michelia alba,Angiosperm,-1.75,,Wang et al. 2018 Fresenius Environmental Bulletin,https://www.researchgate.net/profile/Michal_Napierala2/publication/328693873_Functioning_of_low_lift_pumping_stations_on_polders_-_A_case_study_of_Zagorow_Poland/links/5bf297a1299bf1124fdd5805/Functioning-of-low-lift-pumping-stations-on-polders-A-case-study-of-Zagorow-Poland.pdf#page=356,,,Michelia alba
Magnolia grandiflora,Angiosperm,-2.5,,Wang et al. 2018 Fresenius Environmental Bulletin,https://www.researchgate.net/profile/Michal_Napierala2/publication/328693873_Functioning_of_low_lift_pumping_stations_on_polders_-_A_case_study_of_Zagorow_Poland/links/5bf297a1299bf1124fdd5805/Functioning-of-low-lift-pumping-stations-on-polders-A-case-study-of-Zagorow-Poland.pdf#page=357,,,Magnolia grandiflora
Magnolia liliflora,Angiosperm,-2,,Wang et al. 2018 Fresenius Environmental Bulletin,https://www.researchgate.net/profile/Michal_Napierala2/publication/328693873_Functioning_of_low_lift_pumping_stations_on_polders_-_A_case_study_of_Zagorow_Poland/links/5bf297a1299bf1124fdd5805/Functioning-of-low-lift-pumping-stations-on-polders-A-case-study-of-Zagorow-Poland.pdf#page=358,,,Magnolia liliflora
Armeniaca vulgaris,Angiosperm,-5.75,,Wang et al. 2018 Fresenius Environmental Bulletin,https://www.researchgate.net/profile/Michal_Napierala2/publication/328693873_Functioning_of_low_lift_pumping_stations_on_polders_-_A_case_study_of_Zagorow_Poland/links/5bf297a1299bf1124fdd5805/Functioning-of-low-lift-pumping-stations-on-polders-A-case-study-of-Zagorow-Poland.pdf#page=361,,,Armeniaca vulgaris
Malus pumila,Angiosperm,-3.2,,Wang et al. 2018 Fresenius Environmental Bulletin,https://www.researchgate.net/profile/Michal_Napierala2/publication/328693873_Functioning_of_low_lift_pumping_stations_on_polders_-_A_case_study_of_Zagorow_Poland/links/5bf297a1299bf1124fdd5805/Functioning-of-low-lift-pumping-stations-on-polders-A-case-study-of-Zagorow-Poland.pdf#page=362,,,Malus pumila
Pyracantha fortuneana,Angiosperm,-3.75,,Wang et al. 2018 Fresenius Environmental Bulletin,https://www.researchgate.net/profile/Michal_Napierala2/publication/328693873_Functioning_of_low_lift_pumping_stations_on_polders_-_A_case_study_of_Zagorow_Poland/links/5bf297a1299bf1124fdd5805/Functioning-of-low-lift-pumping-stations-on-polders-A-case-study-of-Zagorow-Poland.pdf#page=363,,,Pyracantha fortuneana
Photinia serrulata,Angiosperm,-6.2,,Wang et al. 2018 Fresenius Environmental Bulletin,https://www.researchgate.net/profile/Michal_Napierala2/publication/328693873_Functioning_of_low_lift_pumping_stations_on_polders_-_A_case_study_of_Zagorow_Poland/links/5bf297a1299bf1124fdd5805/Functioning-of-low-lift-pumping-stations-on-polders-A-case-study-of-Zagorow-Poland.pdf#page=364,,,Photinia serrulata
Metasequoia glyptostroboides,Gymnosperm,-1.75,,Wang et al. 2018 Fresenius Environmental Bulletin,https://www.researchgate.net/profile/Michal_Napierala2/publication/328693873_Functioning_of_low_lift_pumping_stations_on_polders_-_A_case_study_of_Zagorow_Poland/links/5bf297a1299bf1124fdd5805/Functioning-of-low-lift-pumping-stations-on-polders-A-case-study-of-Zagorow-Poland.pdf#page=366,,,Metasequoia glyptostroboides
Hippophae rhamnoides,Angiosperm,-1.813,,Zhao et al. 2019 Phys Planatarum,https://onlinelibrary.wiley.com/doi/full/10.1111/ppl.13059?casa_token=pEo-qW-C3gMAAAAA%3Acg2n1y3gnFui45HwllNmJc3W1BFTFWQViO7E_ESj5yp1EIJ4JYSbxbdH6G31ypNHT5dkY55wpeJ3NvA,,,Hippophae rhamnoides
Corylus heterophylla,Angiosperm,-2.358,,Zhao et al. 2019 Phys Planatarum,https://onlinelibrary.wiley.com/doi/full/10.1111/ppl.13059?casa_token=pEo-qW-C3gMAAAAA%3Acg2n1y3gnFui45HwllNmJc3W1BFTFWQViO7E_ESj5yp1EIJ4JYSbxbdH6G31ypNHT5dkY55wpeJ3NvA,,,Corylus heterophylla
Anacardium excelsum,Angiosperm,-1.1,4.5,De Guzman 2017 PhD Thesis,https://escholarship.org/uc/item/8jw7v5xv,,,Anacardium excelsum
Pittoniotis trichantha,Angiosperm,-1.2,3.3,De Guzman 2017 PhD Thesis,https://escholarship.org/uc/item/8jw7v5xv,,,Antirrhoea trichantha
Hiraea reclinata,Angiosperm,-0.65,1.2,De Guzman 2017 PhD Thesis,https://escholarship.org/uc/item/8jw7v5xv,,,Hiraea reclinata
Bocoa prouacensis,Angiosperm,-0.85,,De Guzman 2017 PhD Thesis,https://escholarship.org/uc/item/8jw7v5xv,,,Bocoa prouacensis
Dicorynia guianensis,Angiosperm,-0.8,,De Guzman 2017 PhD Thesis,https://escholarship.org/uc/item/8jw7v5xv,,,Dicorynia guianensis
Eperua falcata,Angiosperm,-1.4,,De Guzman 2017 PhD Thesis,https://escholarship.org/uc/item/8jw7v5xv,,,Eperua falcata
Eperua grandiflora,Angiosperm,-0.75,,De Guzman 2017 PhD Thesis,https://escholarship.org/uc/item/8jw7v5xv,,,Eperua grandiflora
Eschweilera sagotiana,Angiosperm,-1,,De Guzman 2017 PhD Thesis,https://escholarship.org/uc/item/8jw7v5xv,,,Eschweilera sagotiana
Jacaranda copaia,Angiosperm,-0.75,,De Guzman 2017 PhD Thesis,https://escholarship.org/uc/item/8jw7v5xv,,,Jacaranda copaia
Lecythis persistens,Angiosperm,-0.7,,De Guzman 2017 PhD Thesis,https://escholarship.org/uc/item/8jw7v5xv,,,Lecythis persistens
Licania alba,Angiosperm,-0.25,,De Guzman 2017 PhD Thesis,https://escholarship.org/uc/item/8jw7v5xv,,,Licania alba
Licania heteromorpha,Angiosperm,-0.65,,De Guzman 2017 PhD Thesis,https://escholarship.org/uc/item/8jw7v5xv,,,Licania heteromorpha
Pradosia cochlearia,Angiosperm,-0.8,,De Guzman 2017 PhD Thesis,https://escholarship.org/uc/item/8jw7v5xv,,,Pradosia cochlearia
Sextonia rubra,Angiosperm,-0.8,,De Guzman 2017 PhD Thesis,https://escholarship.org/uc/item/8jw7v5xv,,,Sextonia rubra
Symphonia globulifera,Angiosperm,-0.8,,De Guzman 2017 PhD Thesis,https://escholarship.org/uc/item/8jw7v5xv,,,Symphonia globulifera
Tachigali melinonii,Angiosperm,-1.1,,De Guzman 2017 PhD Thesis,https://escholarship.org/uc/item/8jw7v5xv,,,Tachigali melinonii
Vouacapoua americana,Angiosperm,-0.55,,De Guzman 2017 PhD Thesis,https://escholarship.org/uc/item/8jw7v5xv,,,Vouacapoua americana
Juniperus flaccida,Gymnosperm,-10.1,,Saenz-Romero et al. 2017 J Plant Hydraulics,https://hal.archives-ouvertes.fr/hal-01445515/document,,,Juniperus flaccida
Juniperus deppeana,Gymnosperm,-9.8,,Saenz-Romero et al. 2017 J Plant Hydraulics,https://hal.archives-ouvertes.fr/hal-01445515/document,,,Juniperus deppeana
Juniperus monticola,Gymnosperm,-10.4,,Saenz-Romero et al. 2017 J Plant Hydraulics,https://hal.archives-ouvertes.fr/hal-01445515/document,,,Juniperus monticola
Picea chihuahuana,Gymnosperm,-3.4,,Saenz-Romero et al. 2017 J Plant Hydraulics,https://hal.archives-ouvertes.fr/hal-01445515/document,,,Picea chihuahuana
Pinus pseudostrobus,Gymnosperm,-2.75,,Saenz-Romero et al. 2017 J Plant Hydraulics,https://hal.archives-ouvertes.fr/hal-01445515/document,,,Pinus pseudostrobus
Pinus leiophylla,Gymnosperm,-3,,Saenz-Romero et al. 2017 J Plant Hydraulics,https://hal.archives-ouvertes.fr/hal-01445515/document,,,Pinus leiophylla
Pinus devoniana,Gymnosperm,-3.2,,Saenz-Romero et al. 2017 J Plant Hydraulics,https://hal.archives-ouvertes.fr/hal-01445515/document,,,Pinus devoniana
Eschweilera tenuifolia,Angiosperm,-2.1,,Fontes 2019 PhD Thesis UC Berkely,https://escholarship.org/uc/item/6jr828g9,,,Eschweilera tenuifolia
Licania octandra,Angiosperm,-0.9,,Fontes 2019 PhD Thesis UC Berkely,https://escholarship.org/uc/item/6jr828g10,,,Licania octandra
Protium linorum,Angiosperm,-1.3,,Fontes 2019 PhD Thesis UC Berkely,https://escholarship.org/uc/item/6jr828g11,,,Protium linorum
Swartzia laevicarpa,Angiosperm,-0.6,,Fontes 2019 PhD Thesis UC Berkely,https://escholarship.org/uc/item/6jr828g12,,,Swartzia laevicarpa
Protium divaricatum,Angiosperm,-0.95,,Fontes 2019 PhD Thesis UC Berkely,https://escholarship.org/uc/item/6jr828g13,,,Protium divaricatum
Eperua glabriflora,Angiosperm,-1.05,,Fontes 2019 PhD Thesis UC Berkely,https://escholarship.org/uc/item/6jr828g14,,,Eperua glabriflora
Eschweilera coriacea,Angiosperm,-1.75,,Fontes 2019 PhD Thesis UC Berkely,https://escholarship.org/uc/item/6jr828g15,,,Eschweilera coriaceae
Protium hebetatum,Angiosperm,-1.25,,Fontes 2019 PhD Thesis UC Berkely,https://escholarship.org/uc/item/6jr828g16,,,Protium hebetatum
Swartzia reticulata,Angiosperm,-1.65,,Fontes 2019 PhD Thesis UC Berkely,https://escholarship.org/uc/item/6jr828g17,,,Swartzia reticulata
Couepia longipendula,Angiosperm,-2.6,,Fontes 2019 PhD Thesis UC Berkely,https://escholarship.org/uc/item/6jr828g18,,,Couepia longipendula
Pouteria anomala,Angiosperm,-1.8,,Fontes 2019 PhD Thesis UC Berkely,https://escholarship.org/uc/item/6jr828g19,,,Pouteria anomala
Pouteria erythrochrysa,Angiosperm,-1.95,,Fontes 2019 PhD Thesis UC Berkely,https://escholarship.org/uc/item/6jr828g20,,,Pouteria eryhtrocrysa
Sacoglottis guianensis,Angiosperm,-1.7,,Fontes 2019 PhD Thesis UC Berkely,https://escholarship.org/uc/item/6jr828g21,,,Sacoglottis guianensis
Eschweilera bracteosa,Angiosperm,-2.05,,Fontes 2019 PhD Thesis UC Berkely,https://escholarship.org/uc/item/6jr828g22,,,Eschweilera bracteosa
Licania sp.,Angiosperm,-1.45,,Fontes 2019 PhD Thesis UC Berkely,https://escholarship.org/uc/item/6jr828g23,,,Licania sp.
Swartzia acuminata,Angiosperm,-1.48,,Fontes 2019 PhD Thesis UC Berkely,https://escholarship.org/uc/item/6jr828g24,,,Swartzia acuminata
Picea crassifolia,Gymnosperm,-3.21,,Wang et al. 2018 Dendobiology,https://pdfs.semanticscholar.org/c60d/91398caa150a4cb147370092a09202243035.pdf,,,Picea crassifolia
Picea asperata,Gymnosperm,-2.71,,Wang et al. 2018 Dendobiology,https://pdfs.semanticscholar.org/c60d/91398caa150a4cb147370092a09202243035.pdf,,,Picea asperata
Picea meyeri,Gymnosperm,-2.83,,Wang et al. 2018 Dendobiology,https://pdfs.semanticscholar.org/c60d/91398caa150a4cb147370092a09202243035.pdf,,,Picea meyeri
Picea koraiensis,Gymnosperm,-2.63,,Wang et al. 2018 Dendobiology,https://pdfs.semanticscholar.org/c60d/91398caa150a4cb147370092a09202243035.pdf,,,Picea koraiensis
Picea wilsonii,Gymnosperm,-3.18,,Wang et al. 2018 Dendobiology,https://pdfs.semanticscholar.org/c60d/91398caa150a4cb147370092a09202243035.pdf,,,Picea wilsonii
Picea spinulosa,Gymnosperm,-0.58,,Wang et al. 2018 Dendobiology,https://pdfs.semanticscholar.org/c60d/91398caa150a4cb147370092a09202243035.pdf,,,Picea spinulosa
Picea likiangensis,Gymnosperm,-1.77,,Wang et al. 2018 Dendobiology,https://pdfs.semanticscholar.org/c60d/91398caa150a4cb147370092a09202243035.pdf,,,Picea likiangensis var. likiangensis
Picea likiangensis,Gymnosperm,-2.66,,Wang et al. 2018 Dendobiology,https://pdfs.semanticscholar.org/c60d/91398caa150a4cb147370092a09202243035.pdf,,,Picea likiangensis var. rubescens
Picea likiangensis,Gymnosperm,-2.37,,Wang et al. 2018 Dendobiology,https://pdfs.semanticscholar.org/c60d/91398caa150a4cb147370092a09202243035.pdf,,,Picea likiangensis var. linzhiensis
Weinmannia fagaroides,Angiosperm,-3.39,,Tack 2019 MS Thesis Ghent Univ,https://lib.ugent.be/fulltxt/RUG01/002/785/229/RUG01-002785229_2019_0001_AC.pdf,,,Weinmannia fagaroides
Jungia coarctata,Angiosperm,-8,,Tack 2019 MS Thesis Ghent Univ,https://lib.ugent.be/fulltxt/RUG01/002/785/229/RUG01-002785229_2019_0001_AC.pdf,,,Jungia coarctata
Araucaria angustifolia,Gymnosperm,-2.33,,Barros 2017 Phd Thesis Univ Capinas,http://repositorio.unicamp.br/handle/REPOSIP/331190,,,Araucaria angustifolia
Calyptranthes brasiliensis,Angiosperm,-5.18,,Barros 2017 Phd Thesis Univ Capinas,http://repositorio.unicamp.br/handle/REPOSIP/331191,,,Calyptranthes brasiliensis
Croton celtidifolius,Angiosperm,-1.84,,Barros 2017 Phd Thesis Univ Capinas,http://repositorio.unicamp.br/handle/REPOSIP/331192,,,Croton celtidifolius
Drimys brasiliensis,Angiosperm,-1.9,,Barros 2017 Phd Thesis Univ Capinas,http://repositorio.unicamp.br/handle/REPOSIP/331193,,,Drimys brasiliensis
Eugenia sp.,Angiosperm,-5.4,,Barros 2017 Phd Thesis Univ Capinas,http://repositorio.unicamp.br/handle/REPOSIP/331194,,,Eugenia sp.
Euplassa itatiaiae,Angiosperm,-3.13,,Barros 2017 Phd Thesis Univ Capinas,http://repositorio.unicamp.br/handle/REPOSIP/331195,,,Euplassa itatiaiae
Ilex taubertiana,Angiosperm,-2.62,,Barros 2017 Phd Thesis Univ Capinas,http://repositorio.unicamp.br/handle/REPOSIP/331196,,,Ilex taubertiana
Myrceugenia cucullata,Angiosperm,-2.86,,Barros 2017 Phd Thesis Univ Capinas,http://repositorio.unicamp.br/handle/REPOSIP/331197,,,Myrceugenia cucullata
Myrceugenia ovalifolia,Angiosperm,-3.28,,Barros 2017 Phd Thesis Univ Capinas,http://repositorio.unicamp.br/handle/REPOSIP/331198,,,Myrceugenia ovalifolia
Myrceugenia regnelliana,Angiosperm,-5.68,,Barros 2017 Phd Thesis Univ Capinas,http://repositorio.unicamp.br/handle/REPOSIP/331199,,,Myrceugenia regnelliana
Macropeplus dentatus,Angiosperm,-3.38,,Barros 2017 Phd Thesis Univ Capinas,http://repositorio.unicamp.br/handle/REPOSIP/331200,,,Macropeplus dentatus
Miconia cinerascens,Angiosperm,-5.09,,Barros 2017 Phd Thesis Univ Capinas,http://repositorio.unicamp.br/handle/REPOSIP/331201,,,Miconia cinerascens
Psychotria vellosiana,Angiosperm,,,Barros 2017 Phd Thesis Univ Capinas,http://repositorio.unicamp.br/handle/REPOSIP/331202,,,Psychotria vellosiana
Symplocos falcata,Angiosperm,-2.54,,Barros 2017 Phd Thesis Univ Capinas,http://repositorio.unicamp.br/handle/REPOSIP/331203,,,Symplocos falcata
Tabebuia vellosoi,Angiosperm,-2.41,,Barros 2017 Phd Thesis Univ Capinas,http://repositorio.unicamp.br/handle/REPOSIP/331204,,,Tabebuia vellosoi
Weinmannia organensis,Angiosperm,-2.28,,Barros 2017 Phd Thesis Univ Capinas,http://repositorio.unicamp.br/handle/REPOSIP/331205,,,Weinmannia organensis
Manilkara elata,Angiosperm,-1.75,,Monteiro Junior 2018 Thesis Univ Campinas,http://repositorio.unicamp.br/handle/REPOSIP/333186,,,Manilkara elata
Erisma uncinatum,Angiosperm,-2.05,,Monteiro Junior 2018 Thesis Univ Campinas,http://repositorio.unicamp.br/handle/REPOSIP/333187,,,Erisma uncinatum
Endopleura uchi,Angiosperm,-1.6,,Monteiro Junior 2018 Thesis Univ Campinas,http://repositorio.unicamp.br/handle/REPOSIP/333188,,,Endopleura uchi
Mezilaurus itauba,Angiosperm,-3,,Monteiro Junior 2018 Thesis Univ Campinas,http://repositorio.unicamp.br/handle/REPOSIP/333189,,,Mezilaurus itauba
Tachigali chrysophylla,Angiosperm,-3.75,,Monteiro Junior 2018 Thesis Univ Campinas,http://repositorio.unicamp.br/handle/REPOSIP/333190,,,Tachigali chrysophylla
Chamaecrista xinguensis,Angiosperm,-3.1,,Monteiro Junior 2018 Thesis Univ Campinas,http://repositorio.unicamp.br/handle/REPOSIP/333191,,,Chamaecrista xinguensis
Protium apiculatum,Angiosperm,-2,,Monteiro Junior 2018 Thesis Univ Campinas,http://repositorio.unicamp.br/handle/REPOSIP/333192,,,Protium apiculatum
Coussarea albescens,Angiosperm,-4.5,,Monteiro Junior 2018 Thesis Univ Campinas,http://repositorio.unicamp.br/handle/REPOSIP/333193,,,Coussarea albescens
Miconia sp.,Angiosperm,-4.9,,Monteiro Junior 2018 Thesis Univ Campinas,http://repositorio.unicamp.br/handle/REPOSIP/333194,,,Miconia sp.
Amphirrhox longifolia,Angiosperm,-2.2,,Monteiro Junior 2018 Thesis Univ Campinas,http://repositorio.unicamp.br/handle/REPOSIP/333195,,,Amphirrhox longifolia
Rinorea pubiflora,Angiosperm,-3,,Monteiro Junior 2018 Thesis Univ Campinas,http://repositorio.unicamp.br/handle/REPOSIP/333196,,,Rinorea pubiflora
Fagus sylvatica,Angiosperm,-2.2,,Rosas et al. 2019 New Phyt,https://nph.onlinelibrary.wiley.com/doi/full/10.1111/nph.15684?casa_token=S5YY9nXqGzQAAAAA%3A-oi_pJc4n59ISjdUc3UXAD-ryKKjS_R7uj5SVAjPjwt59lkAjhCuyEMZ6oz-zAGzEsxV1ufh8THbWf8,,,Fagus sylvatica
Quercus ilex,Angiosperm,-3.75,,Rosas et al. 2019 New Phyt,https://nph.onlinelibrary.wiley.com/doi/full/10.1111/nph.15684?casa_token=S5YY9nXqGzQAAAAA%3A-oi_pJc4n59ISjdUc3UXAD-ryKKjS_R7uj5SVAjPjwt59lkAjhCuyEMZ6oz-zAGzEsxV1ufh8THbWf9,,,Quercus ilex
Quercus pubescens,Angiosperm,-2,,Rosas et al. 2019 New Phyt,https://nph.onlinelibrary.wiley.com/doi/full/10.1111/nph.15684?casa_token=S5YY9nXqGzQAAAAA%3A-oi_pJc4n59ISjdUc3UXAD-ryKKjS_R7uj5SVAjPjwt59lkAjhCuyEMZ6oz-zAGzEsxV1ufh8THbWf10,,,Quercus pubescens
Pinus sylvestris,Gymnosperm,-3.7,,Rosas et al. 2019 New Phyt,https://nph.onlinelibrary.wiley.com/doi/full/10.1111/nph.15684?casa_token=S5YY9nXqGzQAAAAA%3A-oi_pJc4n59ISjdUc3UXAD-ryKKjS_R7uj5SVAjPjwt59lkAjhCuyEMZ6oz-zAGzEsxV1ufh8THbWf11,,,Pinus sylvestris 
Pinus halepensis,Gymnosperm,-4.75,,Rosas et al. 2019 New Phyt,https://nph.onlinelibrary.wiley.com/doi/full/10.1111/nph.15684?casa_token=S5YY9nXqGzQAAAAA%3A-oi_pJc4n59ISjdUc3UXAD-ryKKjS_R7uj5SVAjPjwt59lkAjhCuyEMZ6oz-zAGzEsxV1ufh8THbWf12,,,Pinus halepensis
Pinus nigra,Gymnosperm,-3.8,,Rosas et al. 2019 New Phyt,https://nph.onlinelibrary.wiley.com/doi/full/10.1111/nph.15684?casa_token=S5YY9nXqGzQAAAAA%3A-oi_pJc4n59ISjdUc3UXAD-ryKKjS_R7uj5SVAjPjwt59lkAjhCuyEMZ6oz-zAGzEsxV1ufh8THbWf13,,,Pinus nigra
Actinostrobus acuminatus,Gymnosperm,-11.52,,Larter et al. 2017 New Phyt,https://nph.onlinelibrary.wiley.com/doi/full/10.1111/nph.14545,,,Actinostrobus acuminatus
Actinostrobus arenarius,Gymnosperm,-15.16,,Larter et al. 2017 New Phyt,https://nph.onlinelibrary.wiley.com/doi/full/10.1111/nph.14546,,,Actinostrobus arenarius
Actinostrobus pyramidalis,Gymnosperm,-11.78,,Larter et al. 2017 New Phyt,https://nph.onlinelibrary.wiley.com/doi/full/10.1111/nph.14547,,,Actinostrobus pyramidalis
Callitris baileyi,Gymnosperm,-11.37,,Larter et al. 2017 New Phyt,https://nph.onlinelibrary.wiley.com/doi/full/10.1111/nph.14548,,,Callitris baileyi
Callitris canescens,Gymnosperm,-16.9,,Larter et al. 2017 New Phyt,https://nph.onlinelibrary.wiley.com/doi/full/10.1111/nph.14549,,,Callitris canescens
Callitris columellaris,Gymnosperm,-15.8,,Larter et al. 2017 New Phyt,https://nph.onlinelibrary.wiley.com/doi/full/10.1111/nph.14550,,,Callitris columellaris
Callitris drummondii,Gymnosperm,-13.11,,Larter et al. 2017 New Phyt,https://nph.onlinelibrary.wiley.com/doi/full/10.1111/nph.14551,,,Callitris drummondii
Callitris endlicheri,Gymnosperm,-12.28,,Larter et al. 2017 New Phyt,https://nph.onlinelibrary.wiley.com/doi/full/10.1111/nph.14552,,,Callitris endlicheri
Callitris glaucophylla,Gymnosperm,-14.37,,Larter et al. 2017 New Phyt,https://nph.onlinelibrary.wiley.com/doi/full/10.1111/nph.14553,,,Callitris glaucophylla
Callitris gracilis,Gymnosperm,-12.49,,Larter et al. 2017 New Phyt,https://nph.onlinelibrary.wiley.com/doi/full/10.1111/nph.14554,,,Callitris gracilis
Callitris intratropica,Gymnosperm,-12.81,,Larter et al. 2017 New Phyt,https://nph.onlinelibrary.wiley.com/doi/full/10.1111/nph.14555,,,Callitris intratropica
Callitris macleayana,Gymnosperm,-8.07,,Larter et al. 2017 New Phyt,https://nph.onlinelibrary.wiley.com/doi/full/10.1111/nph.14556,,,Callitris macleayana
Callitris monticola,Gymnosperm,-8.84,,Larter et al. 2017 New Phyt,https://nph.onlinelibrary.wiley.com/doi/full/10.1111/nph.14557,,,Callitris monticola
Callitris muelleri,Gymnosperm,-10.1,,Larter et al. 2017 New Phyt,https://nph.onlinelibrary.wiley.com/doi/full/10.1111/nph.14558,,,Callitris muelleri
Callitris neocaledonica,Gymnosperm,-3.83,,Larter et al. 2017 New Phyt,https://nph.onlinelibrary.wiley.com/doi/full/10.1111/nph.14559,,,Callitris neocaledonica
Callitris oblonga,Gymnosperm,-10.88,,Larter et al. 2017 New Phyt,https://nph.onlinelibrary.wiley.com/doi/full/10.1111/nph.14560,,,Callitris oblonga
Callitris preissii,Gymnosperm,-14.97,,Larter et al. 2017 New Phyt,https://nph.onlinelibrary.wiley.com/doi/full/10.1111/nph.14561,,,Callitris preissii
Callitris rhomboidea,Gymnosperm,-10.32,,Larter et al. 2017 New Phyt,https://nph.onlinelibrary.wiley.com/doi/full/10.1111/nph.14562,,,Callitris rhomboidea
Callitris roei,Gymnosperm,-12.21,,Larter et al. 2017 New Phyt,https://nph.onlinelibrary.wiley.com/doi/full/10.1111/nph.14563,,,Callitris roei
Callitris sulcata,Gymnosperm,-8.24,,Larter et al. 2017 New Phyt,https://nph.onlinelibrary.wiley.com/doi/full/10.1111/nph.14564,,,Callitris sulcata
Callitris tuberculata,Gymnosperm,-18.82,,Larter et al. 2017 New Phyt,https://nph.onlinelibrary.wiley.com/doi/full/10.1111/nph.14565,,,Callitris tuberculata
Callitris verrucosa,Gymnosperm,-11.92,,Larter et al. 2017 New Phyt,https://nph.onlinelibrary.wiley.com/doi/full/10.1111/nph.14566,,,Callitris verrucosa
Neocallitropsis pancheri,Gymnosperm,-4.14,,Larter et al. 2017 New Phyt,https://nph.onlinelibrary.wiley.com/doi/full/10.1111/nph.14567,,,Neocallitropsis pancheri
Adenostoma fasciculatum,Angiosperm,-5.85,,Paddock et al. 2013 Aliso,https://scholarship.claremont.edu/cgi/viewcontent.cgi?article=1120&context=aliso,,,Adenostoma fasciculatum
Adenostoma sparsifolium,Angiosperm,-4.68,,Paddock et al. 2013 Aliso,https://scholarship.claremont.edu/cgi/viewcontent.cgi?article=1120&context=aliso,,,Adenostoma sparsifolium
Arctostaphylos glauca,Angiosperm,-9.22,,Paddock et al. 2013 Aliso,https://scholarship.claremont.edu/cgi/viewcontent.cgi?article=1120&context=aliso,,,Arctostaphylos glauca
Bernardia myricifolia,Angiosperm,-6.13,,Paddock et al. 2013 Aliso,https://scholarship.claremont.edu/cgi/viewcontent.cgi?article=1120&context=aliso,,,Bernardia myricifolia
Ceanothus greggii,Angiosperm,-7.01,,Paddock et al. 2013 Aliso,https://scholarship.claremont.edu/cgi/viewcontent.cgi?article=1120&context=aliso,,,Ceanothus greggii
Quercus cornelius-mulleri,Angiosperm,-3.17,,Paddock et al. 2013 Aliso,https://scholarship.claremont.edu/cgi/viewcontent.cgi?article=1120&context=aliso,,,Quercus cornelius-mulleri
Rhus ovata,Angiosperm,-2.36,,Paddock et al. 2013 Aliso,https://scholarship.claremont.edu/cgi/viewcontent.cgi?article=1120&context=aliso,,,Rhus ovata
Agathis australis,Gymnosperm,-2.656000045,6.90E-02,Laughlin et al. 2020 New Phyt,in press,,,Agathis australis
Aristotelia serrata,Angiosperm,-2.38473639,6.05E-01,Laughlin et al. 2020 New Phyt,in press,,,Aristotelia serrata
Ascarina lucida,Angiosperm,-1.853270831,7.28E-01,Laughlin et al. 2020 New Phyt,in press,,,Ascarina lucida
Carpodetus serratus,Angiosperm,-4.465907988,1.02E-01,Laughlin et al. 2020 New Phyt,in press,,,Carpodetus serratus
Coprosma dumosa,Angiosperm,-4.187206178,2.27E-01,Laughlin et al. 2020 New Phyt,in press,,,Coprosma dumosa
Coprosma foetidissima,Angiosperm,-3.507791485,2.58E-01,Laughlin et al. 2020 New Phyt,in press,,,Coprosma foetidissima
Coprosma grandifolia,Angiosperm,-3.724700645,5.19E-01,Laughlin et al. 2020 New Phyt,in press,,,Coprosma grandifolia
Coprosma linariifolia,Angiosperm,-7.606506883,2.21E-01,Laughlin et al. 2020 New Phyt,in press,,,Coprosma linariifolia
Coprosma microcarpa,Angiosperm,-4.189337792,3.56E-01,Laughlin et al. 2020 New Phyt,in press,,,Coprosma microcarpa
Coprosma pseudocuneata,Angiosperm,-3.486567112,3.13E-01,Laughlin et al. 2020 New Phyt,in press,,,Coprosma pseudocuneata
Coprosma robusta,Angiosperm,-3.331257919,2.96E-01,Laughlin et al. 2020 New Phyt,in press,,,Coprosma robusta
Coprosma rotundifolia,Angiosperm,-3.951479338,7.11E-01,Laughlin et al. 2020 New Phyt,in press,,,Coprosma rotundifolia
Dacrycarpus dacrydioides,Gymnosperm,-2.669604183,2.88E-01,Laughlin et al. 2020 New Phyt,in press,,,Dacrycarpus dacrydioides
Dacrydium cupressinum,Gymnosperm,-2.912947945,2.60E-01,Laughlin et al. 2020 New Phyt,in press,,,Dacrydium cupressinum
Dracophyllum longifolium,Angiosperm,-1.855956441,1.23E-01,Laughlin et al. 2020 New Phyt,in press,,,Dracophyllum longifolium
Elaeocarpus dentatus,Angiosperm,-3.307550887,2.51E-01,Laughlin et al. 2020 New Phyt,in press,,,Elaeocarpus dentatus
Elaeocarpus hookerianus,Angiosperm,-3.416928708,3.25E-01,Laughlin et al. 2020 New Phyt,in press,,,Elaeocarpus hookerianus
Fuchsia excorticata,Angiosperm,-1.708605573,6.10E-01,Laughlin et al. 2020 New Phyt,in press,,,Fuchsia excorticata
Nothofagus fusca,Angiosperm,-2.298592374,4.77E-01,Laughlin et al. 2020 New Phyt,in press,,,Fuscospora fusca
Nothofagus solandri,Angiosperm,-2.760246678,4.12E-01,Laughlin et al. 2020 New Phyt,in press,,,Fuscospora solandri
Nothofagus truncata,Angiosperm,-2.486205603,1.07E+00,Laughlin et al. 2020 New Phyt,in press,,,Fuscospora truncata
Griselinia littoralis,Angiosperm,-2.964970092,2.20E-01,Laughlin et al. 2020 New Phyt,in press,,,Griselinia littoralis
Halocarpus bidwillii,Gymnosperm,-5.177071046,1.24E-01,Laughlin et al. 2020 New Phyt,in press,,,Halocarpus bidwillii
Halocarpus biformis,Gymnosperm,-4.370167662,6.87E-02,Laughlin et al. 2020 New Phyt,in press,,,Halocarpus biformis
Hoheria angustifolia,Angiosperm,-4.820766895,6.38E-01,Laughlin et al. 2020 New Phyt,in press,,,Hoheria angustifolia
Hoheria glabrata,Angiosperm,-3.073578163,5.69E-01,Laughlin et al. 2020 New Phyt,in press,,,Hoheria glabrata
Knightia excelsa,Angiosperm,-4.394870927,6.81E-02,Laughlin et al. 2020 New Phyt,in press,,,Knightia excelsa
Lepidothamnus intermedius,Gymnosperm,-5.567588976,1.29E-01,Laughlin et al. 2020 New Phyt,in press,,,Lepidothamnus intermedius
Libocedrus bidwillii,Gymnosperm,-3.700101922,1.18E-01,Laughlin et al. 2020 New Phyt,in press,,,Libocedrus bidwillii
Lophomyrtus obcordata,Angiosperm,-5.57659653,3.65E-01,Laughlin et al. 2020 New Phyt,in press,,,Lophomyrtus obcordata
Nothofagus menziesii,Angiosperm,-2.366756385,4.14E-01,Laughlin et al. 2020 New Phyt,in press,,,Lophozonia menziesii
Manoao colensoi,Gymnosperm,-4.076701962,2.75E-01,Laughlin et al. 2020 New Phyt,in press,,,Manoao colensoi
Myrsine divaricata,Angiosperm,-2.143771316,6.01E-02,Laughlin et al. 2020 New Phyt,in press,,,Myrsine divaricata
Neomyrtus pedunculata,Angiosperm,-2.797327628,3.33E-01,Laughlin et al. 2020 New Phyt,in press,,,Neomyrtus pedunculata
Olearia avicennifolia,Angiosperm,-3.887115664,2.84E-01,Laughlin et al. 2020 New Phyt,in press,,,Olearia avicennifolia
Olearia ilicifolia,Angiosperm,-3.741748396,3.69E-02,Laughlin et al. 2020 New Phyt,in press,,,Olearia ilicifolia
Pennantia corymbosa,Angiosperm,-4.071282253,1.86E-01,Laughlin et al. 2020 New Phyt,in press,,,Pennantia corymbosa
Phyllocladus alpinus,Gymnosperm,-6.899206953,2.42E-01,Laughlin et al. 2020 New Phyt,in press,,,Phyllocladus alpinus
Phyllocladus trichomanoides,Gymnosperm,-6.700625372,2.16E-01,Laughlin et al. 2020 New Phyt,in press,,,Phyllocladus trichomanoides
Pittosporum colensoi,Angiosperm,-6.097999119,5.44E-01,Laughlin et al. 2020 New Phyt,in press,,,Pittosporum colensoi
Pittosporum eugenioides,Angiosperm,-6.169700476,2.99E-01,Laughlin et al. 2020 New Phyt,in press,,,Pittosporum eugenioides
Pittosporum tenuifolium,Angiosperm,-4.416682369,1.89E-01,Laughlin et al. 2020 New Phyt,in press,,,Pittosporum tenuifolium
Podocarpus laetus,Gymnosperm,-5.521135894,3.39E-01,Laughlin et al. 2020 New Phyt,in press,,,Podocarpus laetus
Podocarpus totara,Gymnosperm,-4.904339972,2.50E-01,Laughlin et al. 2020 New Phyt,in press,,,Podocarpus totara
Prumnopitys ferruginea,Gymnosperm,-7.756051751,2.17E-01,Laughlin et al. 2020 New Phyt,in press,,,Prumnopitys ferruginea
Prumnopitys taxifolia,Gymnosperm,-5.262505069,1.91E-01,Laughlin et al. 2020 New Phyt,in press,,,Prumnopitys taxifolia
Pseudopanax colensoi,Angiosperm,-1.984551527,9.09E-02,Laughlin et al. 2020 New Phyt,in press,,,Pseudopanax colensoi
Pseudopanax crassifolius,Angiosperm,-1.984184024,2.35E-01,Laughlin et al. 2020 New Phyt,in press,,,Pseudopanax crassifolius
Pseudowintera colorata,Angiosperm,-3.845421602,1.36E-01,Laughlin et al. 2020 New Phyt,in press,,,Pseudowintera colorata
Quintinia serrata,Angiosperm,-3.04477549,2.68E-01,Laughlin et al. 2020 New Phyt,in press,,,Quintinia serrata
Raukaua simplex,Angiosperm,-2.975484031,3.00E-01,Laughlin et al. 2020 New Phyt,in press,,,Raukaua simplex
Schefflera digitata,Angiosperm,-1.69353561,3.69E-01,Laughlin et al. 2020 New Phyt,in press,,,Schefflera digitata
Sophora microphylla,Angiosperm,-4.937975314,2.17E-01,Laughlin et al. 2020 New Phyt,in press,,,Sophora microphylla
Veronica salicifolia,Angiosperm,-3.225270732,3.86E-01,Laughlin et al. 2020 New Phyt,in press,,,Veronica salicifolia
Weinmannia racemosa,Angiosperm,-2.747057103,5.25E-01,Laughlin et al. 2020 New Phyt,in press,,,Weinmannia racemosa